



# Mysql操作-1基础操作

>**SQL分类**
>
>DDL（data definition language）数据库定义语言CREATE、ALTER、DROP、SHOW
>
>DML（data manipulation language）数据操纵语言SELECT、UPDATE、INSERT、DELETE
>
>DCL（Data Control Language）数据库控制语言,是用来设置或更改数据库用户或角色权限的语句

## 一、库操作

### 1.1 显示数据库

语法:

```mysql
show databases;
```

试例:

```mysql
mysql> show databases;
+--------------------+
| Database           |
+--------------------+
| information_schema |
| mysql              |
| performance_schema |
| sys                |
+--------------------+
4 rows in set (0.00 sec)
```

安装MySQL后，MySQL自带了4个数据库

1. information_schema：存储了MySQL服务器管理数据库的信息。
2. performance_schema：MySQL5.5新增的表，用来保存数据库服务器性能的参数
3. mysql：MySQL系统数据库，保存的登录用户名，密码，以及每个用户的权限等等
4. sys:sys是一个MySQL自带的系统库，在安装MySQL 5.7以后的版本，使用mysqld进行初始化时，会自动创建sys库，
   sys库里面的表、视图、函数、存储过程可以使我们更方便、快捷的了解到MySQL的一些信息，比如哪些语句使用了临时表、哪个SQL没有使用索引、哪个schema中有冗余索引、查找使用全表扫描的SQL、查找用户占用的IO等.
   **Sys库的数据来源：**
   sys库里这些视图中的数据，都是从information_schema里面获得的，目标是把performance_schema的把复杂度降低，让DBA能更好的阅读这个库里的内容。让DBA更快的了解DB的运行情况。



### 1.2 创建数据库

语法:

```mysql
create database [if not exists] `数据库名` [字符集];
```

#### 1.2.1 试例:普通创建

```mysql
MySQL [(none)]> create database test1;
Query OK, 1 row affected (0.01 sec)
```

#### 1.2.2 试例:[if not exists] 

> 加上该语句如果要创建的数据库已存在，则不再创建

```mysql
MySQL [(none)]> create database if not exists test1;
Query OK, 1 row affected, 1 warning (0.00 sec)
```

#### 1.2.3 试例:特殊字符、关键字

> 特殊字符、关键字要加上反引号``

```mysql
MySQL [(none)]> create database `create`;
Query OK, 1 row affected (0.00 sec)
```

> *多学一招：为了创建数据库时万无一失，我们可以在所有的数据库名上加上反引号*

#### 1.2.4 试例:指定字符编码

```mysql
MySQL [(none)]> create database test2 charset=utf8;
Query OK, 1 row affected (0.00 sec)
```

> *脚下留心：创建数据库如果不指定字符编码，默认和MySQL服务器的字符编码是一致的。*



### 1.3 删除数据库

语法:

```mysql
drop database [if exists] `数据库名`;
```

#### 1.3.1 试例:普通语法

```mysql
MySQL [(none)]> drop database test1;
Query OK, 0 rows affected (0.00 sec)
```

#### 1.3.2 试例:[if exists]

```mysql
MySQL [(none)]> drop database if exists test1;
Query OK, 0 rows affected, 1 warning (0.00 sec)

```





### 1.4 显示创建数据库语句

语法:

```mysql
show create database `数据库名`;
```

试例

```mysql
MySQL [(none)]> show create database test2\G
*************************** 1. row ***************************
       Database: test2
Create Database: CREATE DATABASE `test2` /*!40100 DEFAULT CHARACTER SET utf8 */
1 row in set (0.00 sec)
```



### 1.5 修改数据库

语法:

```mysql
alter database `数据库名` [选项]=[值];
```

试例

```mysql
MySQL [(none)]> alter database test2 charset=gbk;
Query OK, 1 row affected (0.00 sec)

MySQL [(none)]> show create database test2\G
*************************** 1. row ***************************
       Database: test2
Create Database: CREATE DATABASE `test2` /*!40100 DEFAULT CHARACTER SET gbk */
1 row in set (0.00 sec)
```



### 1.6 选择数据库

语法:

```mysql
use 数据库名;
```

试例

```mysql
MySQL [(none)]> use test2;
Database changed
MySQL [test2]> #此处已经是在test2数据库下
```



## 二、表操作

### 2.1 创建表

语法

```sql
create table [if not exists] `表名` (
	字段名 数据类型 [null|not null] [auto_increment] [primary key],
	字段名 数据类型 [defalut]
)engine=存储引擎;
```

> 创建表的基础选项，后面会详细讲解各个参数的使用方法

```mysql
null | not null   	空|非空
default	          	默认值
auto_increment    	自动增长
primary key       	主键
comment           	备注
engine           	引擎   innodb  myisam  memory  引擎是决定数据存储的方式
```

#### 2.1.1 试例:正常创建

```sql
MySQL [test2]> create table test1(
    -> id int,
    -> name varchar(20)
    -> );
Query OK, 0 rows affected (0.15 sec)
```

#### 2.1.2 试例:[if not exists]

```sql
MySQL [test2]> create table if not exists test1(
    -> id int,
    -> name varchar(20)
    -> );
Query OK, 0 rows affected, 1 warning (0.01 sec)
```

#### 2.1.3 试例:创建复杂表

```sql
MySQL [test2]> create table if not exists test2 (
    -> id int auto_increment primary key comment '主键',
    -> name varchar(20) not null,
    -> phone varchar(20) comment '电话号码',
    -> `add` varchar(100) default '地址不详' comment '地址'
    -> )engine=innodb,charset=utf8;
Query OK, 0 rows affected (0.10 sec)
```

#### 2.1.4 试例:指定数据库下创建表

```sql
MySQL [test2]> create table test1.table1( id int, name varchar(20) );
Query OK, 0 rows affected (0.08 sec)
```

### 2.2 显示表

语法:

```mysql
show tables;
```

试例

```mysql
MySQL [test2]> show tables;
+-----------------+
| Tables_in_test2 |
+-----------------+
| test1           |
| test2           |
+-----------------+
2 rows in set (0.01 sec)
```



### 2.3 显示表创建语句

语法:

```mysql
show create table `表名`;
```

试例

```mysql
MySQL [test2]> show create table `test1`\G
*************************** 1. row ***************************
       Table: test1
Create Table: CREATE TABLE `test1` (
  `id` int(11) DEFAULT NULL,
  `name` varchar(20) DEFAULT NULL
) ENGINE=InnoDB DEFAULT CHARSET=gbk
1 row in set (0.00 sec)
```



### 2.4 查看表结构

语法

```mysql
describe `表名`;
```

试例

```mysql
MySQL [test2]> describe test2;
+-------+--------------+------+-----+--------------+----------------+
| Field | Type         | Null | Key | Default      | Extra          |
+-------+--------------+------+-----+--------------+----------------+
| id    | int(11)      | NO   | PRI | NULL         | auto_increment |
| name  | varchar(20)  | NO   |     | NULL         |                |
| phone | varchar(20)  | YES  |     | NULL         |                |
| add   | varchar(100) | YES  |     | 地址不详     |                |
+-------+--------------+------+-----+--------------+----------------+
4 rows in set (0.00 sec)
```



### 2.5 修改表

语法:

```mysql
alter table 表名 
```

> 实验表表结构
>
> ```mysql
> MySQL [test2]> describe test2;
> +-------+--------------+------+-----+--------------+----------------+
> | Field | Type         | Null | Key | Default      | Extra          |
> +-------+--------------+------+-----+--------------+----------------+
> | id    | int(11)      | NO   | PRI | NULL         | auto_increment |
> | name  | varchar(20)  | NO   |     | NULL         |                |
> | phone | varchar(20)  | YES  |     | NULL         |                |
> | add   | varchar(100) | YES  |     | 地址不详     |                |
> +-------+--------------+------+-----+--------------+----------------+
> 4 rows in set (0.00 sec)
> ```

#### 2.4.1 添加字段(add)

> 默认在尾部插入字段

语法

```mysql
alter table 表名 add 新字段名 类型;
```

试例

```mysql
MySQL [test2]> alter table test2 add age int; #默认加载表最后的位置
Query OK, 0 rows affected (0.10 sec)
Records: 0  Duplicates: 0  Warnings: 0

MySQL [test2]> describe test2;
+-------+--------------+------+-----+--------------+----------------+
| Field | Type         | Null | Key | Default      | Extra          |
+-------+--------------+------+-----+--------------+----------------+
| id    | int(11)      | NO   | PRI | NULL         | auto_increment |
| name  | varchar(20)  | NO   |     | NULL         |                |
| phone | varchar(20)  | YES  |     | NULL         |                |
| add   | varchar(100) | YES  |     | 地址不详     |                |
| age   | int(11)      | YES  |     | NULL         |                | #新加入的字段
+-------+--------------+------+-----+--------------+----------------+
5 rows in set (0.00 sec)
```

#### 2.4.3 头插入字段 [add...first]

语法

```mysql
alter table 表名 add 新字段名 类型 first;
```

试例

```mysql
MySQL [test2]> alter table test2 add email varchar(20) first;
Query OK, 0 rows affected (0.21 sec)
Records: 0  Duplicates: 0  Warnings: 0

MySQL [test2]> describe test2;
+-------+--------------+------+-----+--------------+----------------+
| Field | Type         | Null | Key | Default      | Extra          |
+-------+--------------+------+-----+--------------+----------------+
| email | varchar(20)  | YES  |     | NULL         |                | #头位置插入的新字段
| id    | int(11)      | NO   | PRI | NULL         | auto_increment |
| name  | varchar(20)  | NO   |     | NULL         |                |
| phone | varchar(20)  | YES  |     | NULL         |                |
| add   | varchar(100) | YES  |     | 地址不详     |                |
| age   | int(11)      | YES  |     | NULL         |                |
+-------+--------------+------+-----+--------------+----------------+
6 rows in set (0.00 sec)
```

#### 2.4.4 指定字段后插入字段 [add...after]

语法

```mysql
alter table 表名 add 新字段名 类型 after 字段名;
```

试例

```mysql
MySQL [test2]> alter table test2 add sex varchar(2) after name;   name字段后插入字段
Query OK, 0 rows affected (0.35 sec)
Records: 0  Duplicates: 0  Warnings: 0

MySQL [test2]> describe test2;
+-------+--------------+------+-----+--------------+----------------+
| Field | Type         | Null | Key | Default      | Extra          |
+-------+--------------+------+-----+--------------+----------------+
| email | varchar(20)  | YES  |     | NULL         |                |
| id    | int(11)      | NO   | PRI | NULL         | auto_increment |
| name  | varchar(20)  | NO   |     | NULL         |                |
| sex   | varchar(2)   | YES  |     | NULL         |                | #指定字段后插入字段
| phone | varchar(20)  | YES  |     | NULL         |                |
| add   | varchar(100) | YES  |     | 地址不详     |                |
| age   | int(11)      | YES  |     | NULL         |                |
+-------+--------------+------+-----+--------------+----------------+
7 rows in set (0.00 sec)
```

#### 2.4.5 删除字段drop

语法

```mysql
alter table 表名 drop 字段名;
```

试例

```mysql
MySQL [test2]> alter table test2 drop sex;
Query OK, 0 rows affected (0.26 sec)
Records: 0  Duplicates: 0  Warnings: 0
```

#### 2.4.6 修改字段(修改字段名:change)

语法

```mysql
alter table 表名 change 字段名 字段类型
```

试例

```mysql
MySQL [test2]> alter table test2 change age 年龄 varchar(20);
Query OK, 0 rows affected (1.19 sec)
Records: 0  Duplicates: 0  Warnings: 0
```



#### 2.4.7 修改字段(不修改字段名:modify)

语法

```mysql
alter table 表名 modify 字段名 字段类型
```

试例

```mysql
MySQL [test2]> alter table test2 modify 年龄 int;
Query OK, 0 rows affected (0.17 sec)
Records: 0  Duplicates: 0  Warnings: 0

```



#### 2.4.8 修改引擎(engine)

语法:

```mysql
alter table 表名 engine='引擎类型';
```

试例

```mysql
MySQL [test2]> alter table test2 engine='myisam';
Query OK, 0 rows affected (0.04 sec)
Records: 0  Duplicates: 0  Warnings: 0

```

#### 2.4.8 修改表名(rename)

语法:

```mysql
alter table 表名 rename to 新表名;
```

试例

```mysql
MySQL [test2]> alter table test2 rename to new_test2;
Query OK, 0 rows affected (0.00 sec)

MySQL [test2]> show tables;
+-----------------+
| Tables_in_test2 |
+-----------------+
| new_test2       |
| test1           |
+-----------------+
2 rows in set (0.00 sec)

```



### 2.5 删除表

语法:

```mysql
drop table [if exists] 表名;
```

#### 2.7.1 试例:普通删除

```mysql
MySQL [test2]> drop table test1;
Query OK, 0 rows affected (0.03 sec)
```

#### 2..2 试例:[if exists]

```mysql
MySQL [test2]> drop table if exists test1;
Query OK, 0 rows affected, 1 warning (0.00 sec)
```

## 三、数据操作

### 3.1 简单表查询

语法

```mysql
select * from 表名;
```

### 3.2 插入数据

> 测试表
>
> ```mysql
> MySQL [test2]> create table test3( id int, name varchar(20))charset=utf8;
> Query OK, 0 rows affected (0.03 sec)
> ```

#### 3.2.1 插入单行数据

语法:

```mysql
insert into 表名 ('字段名','字段名') values ('数据','数据')

#如果全部字段都插入数据可以省略字段部分
insert into 表名 values ('数据','数据')
```

试例

```mysql
MySQL [test2]> insert into test3 (id,name) values (1,'素还真');
Query OK, 1 row affected (0.00 sec)
```

试例

```mysql
MySQL [test2]> insert into test3  values (2,'叶小钗');
Query OK, 1 row affected (0.04 sec)
```

#### 3.2.1 插入多行数据

语法:

```mysql
insert into 表名 ('字段名','字段名') values ('数据','数据'),('数据','数据')

#如果全部字段都插入数据可以省略字段部分
insert into 表名 values ('数据','数据'),('数据','数据')
```

试例

```mysql
MySQL [test2]> insert into test3 (id,name) values  (3,'一页书'),(4,'鷇音子');
Query OK, 2 rows affected (0.14 sec)
Records: 2  Duplicates: 0  Warnings: 0
```

试例

```mysql
MySQL [test2]> insert into test3 values  (5,'剑非道'),(6,'赮毕钵罗');
Query OK, 2 rows affected (0.01 sec)
Records: 2  Duplicates: 0  Warnings: 0

```

### 3.3 更新数据

> 插入测试数据
>
> ```mysql
> create table if not exists test4 (
> id int auto_increment primary key comment '主键',
> name varchar(20) not null,
> phone varchar(20) comment '电话号码',
> `add` varchar(100) default '地址不详' comment '地址'
> )engine=innodb,charset=utf8;
> 
> insert into test4 value 
> (1,'不寻仙','1234567890','北京',99),
> (2,'素还真','0123456789','上海',77),
> (3,'一页书','0678912345','河北',52),
> (4,'鷇音子','1234567890','湖南',68),
> (5,'焱无上','1234567890','黄州',89),
> (6,'佛铸','1234567890','广州',87),
> (7,'步武东皇','1234567890','辽宁',30
> );
> ```

语法:

```mysql
update 表名 set 字段=值 where 条件
```

试例一：将1号学生的地址改成山东

```mysql
MySQL [test2]> update test4 set `add`='山东' where id=1;
Query OK, 1 row affected (0.01 sec)
Rows matched: 1  Changed: 1  Warnings: 0
```

试例二：将素还真的成绩改为99

```mysql
MySQL [test2]> update test4 set chengji=99 where name='素还真';
Query OK, 1 row affected (0.00 sec)
Rows matched: 1  Changed: 1  Warnings: 0
```

试例三：将鷇音子地址改成上海，成绩改成66

```mysql
MySQL [test2]> update test4 set `add`='上海',chengji=66 where name='鷇音子';
Query OK, 1 row affected (0.00 sec)
Rows matched: 1  Changed: 1  Warnings: 0
```

试例四：将上海的学生成绩改为60、

```mysql
MySQL [test2]> update test4 set chengji=60 where `add`='上海';
Query OK, 2 rows affected (0.03 sec)
Rows matched: 2  Changed: 2  Warnings: 0
```

试例五：条件可以省略，如果省略，更改所有数据（将所有数据的地址改为湖南，成绩改为70）

```mysql
MySQL [test2]> update test4 set `add`='湖北',chengji=70;
Query OK, 7 rows affected (0.01 sec)
Rows matched: 7  Changed: 7  Warnings: 0
```

试例六：将2、3的学生成绩改为65

```mysql
MySQL [test2]> update test4 set chengji=65 where id=2 or id=3;
Query OK, 2 rows affected (0.01 sec)
Rows matched: 2  Changed: 2  Warnings: 0
```



### 3.4 复制表

#### 3.4.1 复制表数据

语法:

```mysql
create table 新报名 select 字段 from 旧表;
```

试例

```mysql
MySQL [test2]> create table test5 select * from test4;
Query OK, 7 rows affected (0.11 sec)
Records: 7  Duplicates: 0  Warnings: 0

MySQL [test2]> select * from test5;
+----+--------------+------------+--------+---------+
| id | name         | phone      | add    | chengji |
+----+--------------+------------+--------+---------+
|  1 | 不寻仙       | 1234567890 | 北京   |      99 |
|  2 | 素还真       | 0123456789 | 上海   |      77 |
|  3 | 一页书       | 0678912345 | 河北   |      52 |
|  4 | 鷇音子       | 1234567890 | 湖南   |      68 |
|  5 | 焱无上       | 1234567890 | 黄州   |      89 |
|  6 | 佛铸         | 1234567890 | 广州   |      87 |
|  7 | 步武东皇     | 1234567890 | 辽宁   |      30 |
+----+--------------+------------+--------+---------+
7 rows in set (0.00 sec)

MySQL [test2]> desc test5;  /*新表没有创建旧表主键，仅仅复制数据*/
+---------+--------------+------+-----+--------------+-------+
| Field   | Type         | Null | Key | Default      | Extra |
+---------+--------------+------+-----+--------------+-------+
| id      | int(11)      | NO   |     | 0            |       |
| name    | varchar(20)  | NO   |     | NULL         |       |
| phone   | varchar(20)  | YES  |     | NULL         |       |
| add     | varchar(100) | YES  |     | 地址不详     |       |
| chengji | int(11)      | YES  |     | NULL         |       |
+---------+--------------+------+-----+--------------+-------+
5 rows in set (0.00 sec)
```

#### 3.4.1 复制表结构

语法

```mysql
create table 新表 like 旧表;
```

试例

```mysql
MySQL [test2]> create table test6 like test4;
Query OK, 0 rows affected (0.09 sec)

MySQL [test2]> desc test6;
+---------+--------------+------+-----+--------------+----------------+
| Field   | Type         | Null | Key | Default      | Extra          |
+---------+--------------+------+-----+--------------+----------------+
| id      | int(11)      | NO   | PRI | NULL         | auto_increment |
| name    | varchar(20)  | NO   |     | NULL         |                |
| phone   | varchar(20)  | YES  |     | NULL         |                |
| add     | varchar(100) | YES  |     | 地址不详     |                |
| chengji | int(11)      | YES  |     | NULL         |                |
+---------+--------------+------+-----+--------------+----------------+
5 rows in set (0.00 sec)
```



### 3.5 删除数据

语法:

```mysql
delete from 表名 where 条件;
```



试例一：删除学号是1号的学生

```mysql
MySQL [test2]> delete from test4 where id =1;
Query OK, 1 row affected (0.01 sec)
```

试例二：删除成绩小于等于65分的

```mysql
MySQL [test2]> delete from test4 where chengji<=65;
Query OK, 2 rows affected (0.17 sec)
```

试例三：删除表中所有记录

```mysql
MySQL [test2]> delete from test4;
Query OK, 4 rows affected (0.01 sec)
```



### 3.6 清空表

语法:

```mysql
truncate table 表名
```

试例

```mysql
MySQL [test2]> truncate table test6;
Query OK, 0 rows affected (0.02 sec)

```

>脚下留心：delete from 表和truncate table 表区别？
>delete from 表：遍历表记录，一条一条的删除
>truncate table：将原表销毁，再创建一个同结构的新表。就清空表而言，这种方法效率高


