# Mysql操作-3数据库设计与表查询

## 一、数据设计

### 1.1数据库基本概念

1. 关系：两个表的公共字段
2. 行：也成为了记录，也成为实体
3. 列：也称字段，也称属性

```
就表结构而言，表分为行和列；
就表数据而言，分为记录和字段；
就面向对象而言，一个记录就是一个实体，一个字段就是一个属性。
```

4. 数据冗余，相同数据存在不同地方

```
脚下流行：
1. 冗余只能减少，不能杜绝
2. 减少的冗余方法是分表
3. 为减少数据查找的麻烦，允许数据有一定的冗余
```

5. 数据完整性：正确+准确=数据完整性

```
正确性：数据类型正确
准确性：数据范围要准确
```
.3
思考：学生的年龄是整形，输入1000岁，正确性和准确行如何？

答：正确，单不准确

思考：年龄是整形，收入了字符串，正确性和准确性如何？

答：不正确

### 1.2 实体和实体之间的关系

1. 一对一
2. 一对多(多对一)
3. 多对多

![](https://raw.githubusercontent.com/TianRandai111/Projact_Image/master/Gopkg/database/database%20(1).png)

***

#### 1.2.1 一对一

1. 主表中的一条数据对应从表中的一条记录

![](https://raw.githubusercontent.com/TianRandai111/Projact_Image/master/Gopkg/database/database%20(4).png)

如何实现一对一

主键和主键的关系就能实现一对一

```
思考：一对一两个表完全可以用一个表实现，为什么还要分成两个表？

答：字段数量很多的情况下，数据量也就很大，每次查询都要检索大量数据，这样效率低下。我们可以将所有字段分成两个部分，"常用字段"和"不常用字段"，这样对发部分查询者来说效率提高了。【标的垂直分割】
```

#### 1.2.2 一对多

1. 主表中的一条记录对应从表中的多条记录
2. 一对多喝多对一是一样的

![](https://raw.githubusercontent.com/TianRandai111/Projact_Image/master/Gopkg/database/database%20(2).png)

***

如何实现一对多

答：主键和非主键关系

问题：说出几个一对多的关系

答：班级表和学生表、班主任表和学生表

#### 1.2.3 多对多(N:M)

主表中的一套记录对应从表中的多条记录，从表中的一条记录对应主表中的多条记录

班级和讲师的关系

![](https://raw.githubusercontent.com/TianRandai111/Projact_Image/master/Gopkg/database/database%20(6).png)

如何实现多对多

答：建立第三张表来保存关系

问题：说出几个多对多的关系？

1. 科目表和学生表的关系
2. 商品表和订单表
3. 游戏目录表和玩家表

### 1.3 数据库设计的步骤

![](https://raw.githubusercontent.com/TianRandai111/Projact_Image/master/Gopkg/database/database%20(7).png)

#### 1.3.1 数据库设计具体步骤

1. 收集信息：与该系统有关的人员交流、座谈、充分理解数据库需要完成的任务
2. 标识对象(Entity)标识数据库要管理的关键对象或实体
3. 标识每个实体的属性(Attribute)
4. 标识对象之间的关系(Relationship)
5. 将模型转换成数据库
6. 规范化

![](https://raw.githubusercontent.com/TianRandai111/Projact_Image/master/Gopkg/database/database%20(8).png)


#### 1.3.2 绘制E-R图

E-R(Entity-Releationship) 实体管系统

E-R图的语法

![](https://raw.githubusercontent.com/TianRandai111/Projact_Image/master/Gopkg/database/database%20(9).png)

绘制E-R图

![](https://raw.githubusercontent.com/TianRandai111/Projact_Image/master/Gopkg/database/database%20(11).png)

4、建立关系，绘制E-R图

![](https://raw.githubusercontent.com/TianRandai111/Projact_Image/master/Gopkg/database/database%20(12).png)

5、将E-R图转出表结构


### 1.4 数据规范化

codd博士定义了6个方式来规范数据库，范式由小到大来约束，范式越高融冗余越小，但是表的个数也越多，实验证明，三范式是性价比最高的。

#### 1.5.1 第一范式：确保每列原子性

第一范式确保每个字段不可再分

![](https://raw.githubusercontent.com/TianRandai111/Projact_Image/master/Gopkg/database/database%20(13).png)

思考：入下标设计是否合理

![](https://raw.githubusercontent.com/TianRandai111/Projact_Image/master/Gopkg/database/database%20(15).png)

不合理，不满足第一范式，上课时间可以再拆

![](https://raw.githubusercontent.com/TianRandai111/Projact_Image/master/Gopkg/database/database%20(16).png)

思考：地市包括省、市、县、地区需要拆分么？

答：如果仅仅期地址的作用，不需要统计，可以不拆分；如果有按地区统计的功能需要拆分。是及项目中，建议拆分。

#### 1.5.2 第二范式：非键字段必须依赖于键字段

一个表只描述一件事

![](https://raw.githubusercontent.com/TianRandai111/Projact_Image/master/Gopkg/database/database%20(17).png)


思考：如下表设计的是否合理

![](https://raw.githubusercontent.com/TianRandai111/Projact_Image/master/Gopkg/database/database%20(18).png)

#### 1.5.3 第三范式：消除传递依赖

所有的非关键字段中，不能有依赖传递

![](https://raw.githubusercontent.com/TianRandai111/Projact_Image/master/Gopkg/database/database%20(19).png)

下列设计是否满足第三范式

![](https://raw.githubusercontent.com/TianRandai111/Projact_Image/master/Gopkg/database/database%20(20).png)

不满足，因为语文和数学确定了，总分就确定了。

```
多学一招：上面的设计不满足第三范式，但是高考分数就是这样设计的，为什么

答：高考分数峰值方位非常大，这时候就是性能更重要。当性能和规范冲突的时候，我们首选性能，这就是"反三范式"。

```

#### 1.4.4 数据库设计例题

1. 需求

```
公司承担了多个工程项目，每一项工程有：工程号、工程名称、施工人员等
公司有多名职工，每一名职工有：职工号、姓名、性别、职务（工程师、技术员）等
公司按照公式和小时工资率支付工资，小时工资率有职工的职务决定(例如，技术员的小时工资率与工程师不同)
```

2. 工资表

![](https://raw.githubusercontent.com/TianRandai111/Projact_Image/master/Gopkg/database/database%20(21).png)

3. 工资表转成数据库表

![](https://raw.githubusercontent.com/TianRandai111/Projact_Image/master/Gopkg/database/database%20(22).png)


4. 这个表存在问题

```
A：新人入职需要一个虚拟项目
B：职务更改，小时工资率可能会忘记更改，造成数据不完整
C：有人离职，删除记录后工程也没有了
```

5. 规范化

```
第一步：满足第一范式
第二步：这个表不是描述了一件事情
```

![](https://raw.githubusercontent.com/TianRandai111/Projact_Image/master/Gopkg/database/database%20(23).png)

```
第三部：是否满足第三范式
```

![](https://raw.githubusercontent.com/TianRandai111/Projact_Image/master/Gopkg/database/database%20(24).png)

更改如下：

![](https://raw.githubusercontent.com/TianRandai111/Projact_Image/master/Gopkg/database/database%20(26).png)

## 二、查询语句

语法
```mysql
select [选项] 列明 [From 表名] [where 条件] [group by 分组] [order by 排序] [having 条件] [limit 限制]
```

### 2.1 字段表达式

#### 2.1.1 输出字符与数字

```mysql
MySQL [test2]> select '锄禾日当午';
+-----------------+
| 锄禾日当午      |
+-----------------+
| 锄禾日当午      |
+-----------------+
1 row in set (0.00 sec)

MySQL [test2]> select 10*10 ;
+-------+
| 10*10 |
+-------+
|   100 |
+-------+
1 row in set (0.00 sec)
```

#### 2.1.2 as字段别名

```mysql
MySQL [test2]> select '锄禾日当午' as content;
+-----------------+
| content         |
+-----------------+
| 锄禾日当午      |
+-----------------+
1 row in set (0.00 sec)

MySQL [test2]> select 10*10 as result;
+--------+
| result |
+--------+
|    100 |
+--------+
1 row in set (0.00 sec)
```
>多学一招：as可以省略

```mysql
MySQL [test2]> select '锄禾日当午'  content;
+-----------------+
| content         |
+-----------------+
| 锄禾日当午      |
+-----------------+
1 row in set (0.00 sec)
```

### 2.2 FROM子句

from： 来自，from后面跟的是数据源，数据源可以有多个，返回笛卡尔积

插入测试表

```mysql
MySQL [test2]> create table t1(
    -> id int,
    -> name varchar(10)
    -> );
Query OK, 0 rows affected (0.39 sec)

MySQL [test2]> create table t2(
    -> field1 varchar(10),
    -> field2 varchar(10)
    -> );
Query OK, 0 rows affected (0.28 sec)

MySQL [test2]> insert into t1 value (1,'tom'),(2,'berry');
Query OK, 2 rows affected (0.03 sec)
Records: 2  Duplicates: 0  Warnings: 0

MySQL [test2]> insert into t2 value ('333','333'),('444',444);
Query OK, 2 rows affected (0.00 sec)
Records: 2  Duplicates: 0  Warnings: 0

```

测试多个数据源

```mysql
MySQL [test2]> select * from t1,t2;
+------+-------+--------+--------+
| id   | name  | field1 | field2 |
+------+-------+--------+--------+
|    1 | tom   | 333    | 333    |
|    2 | berry | 333    | 333    |
|    1 | tom   | 444    | 444    |
|    2 | berry | 444    | 444    |
+------+-------+--------+--------+
4 rows in set (0.00 sec)

```

### 2.3 dual表

dual表是一个伪表，在特定星狂习啊，没有具体的表的参与，但是为了保证select语句的完整又必须需要一个表名，这时候就需要使用伪表。

```mysql
MySQL [test2]> select 10*10 as result from dual; #dual表示用来保证select语句的完整性
+--------+
| result |
+--------+
|    100 |
+--------+
1 row in set (0.00 sec)

```

### 2.4 where 子句

where 后面跟的是条件，在数据源中进行筛选，返回条件为真记录

MySQL支持的运算符

1. `>` 大于
2. `<` 小宇
3. `>=` 大于等于
4. `<=` 小于等于
5. `=` 等于
6. `!=` 不等
7. `and` 与
8. `or` 或
9. `not` 非

```mysql


````