





# Mysql操作-2数据类型与完整性



SQL 注释

> 单行注释： -- 或者 #
>
> 多行注释： /* */
>
> ```mysql
> MySQL [test2]> # 注释测试内容
> MySQL [test2]> -- 注释测试内容
> MySQL [test2]> /* 注释
>    /*> 测试
>    /*> 内容
>    /*> */
> ```
>
> 



## 一、数据类型

### 1.1 数据类型-值类型

#### 1.1.1 整形

|   类型    | 字节 |       范围       |
| :-------: | :--: | :--------------: |
|  tinyint  |  1   |     -128~127     |
| smallsint |  2   |   -32768!32767   |
| mediumint |  3   | -8388608~8388607 |
|    int    |  4   |  -2^31^~2^31^-1  |
|  bigint   |  8   |  -2^63^~2^63^-1  |

##### 1.1.1.1 无符号整数

> 无符号整数:(unsigned): 无符号数没有负数，正数部分是有符号的两倍

试例

```mysql
MySQL [test2]> create table test1(
    -> id smallint unsigned auto_increment primary key comment '主键',
    -> age tinyint unsigned not null comment '年龄',
    -> money bigint unsigned comment '存款'
    -> );
Query OK, 0 rows affected (0.02 sec)

MySQL [test2]> desc test1;
+-------+----------------------+------+-----+---------+----------------+
| Field | Type                 | Null | Key | Default | Extra          |
+-------+----------------------+------+-----+---------+----------------+
| id    | smallint(5) unsigned | NO   | PRI | NULL    | auto_increment |
| age   | tinyint(3) unsigned  | NO   |     | NULL    |                |
| money | bigint(20) unsigned  | YES  |     | NULL    |                |
+-------+----------------------+------+-----+---------+----------------+
3 rows in set (0.00 sec)
```

##### 1.1.1.2 整形支持显示宽度

> 整形支持显示宽度（最小的显示位数）比如int(5)，如果述职的位数小于5位，前面机上前导0。比如输入12，显示00012；大于无谓就不添加前导0

> 脚下留心：必须结合zerofill才起作用

```mysql
MySQL [test2]> create table test2(
    -> id int(5),
    -> age int(5) zerofill 
    -> );
Query OK, 0 rows affected (0.10 sec)

MySQL [test2]> insert into test2  value (1,1),(2,12345);
Query OK, 2 rows affected (0.00 sec)
Records: 2  Duplicates: 0  Warnings: 0

MySQL [test2]> select * from test2;
+------+-------+
| id   | age   |
+------+-------+
|    1 | 00001 |
|    2 | 12345 |
+------+-------+
2 rows in set (0.00 sec)

MySQL [test2]> desc test2;
+-------+--------------------------+------+-----+---------+-------+
| Field | Type                     | Null | Key | Default | Extra |
+-------+--------------------------+------+-----+---------+-------+
| id    | int(5)                   | YES  |     | NULL    |       |
| age   | int(5) unsigned zerofill | YES  |     | NULL    |       |
+-------+--------------------------+------+-----+---------+-------+
2 rows in set (0.00 sec)

```

#### 1.1.2 浮点型

|     浮点型     | 占用字节 |        范围        |
| :------------: | :------: | :----------------: |
| float(单精度)  |    4     |  -3.4E+38~3.4E+38  |
| double(双精度) |    8     | -1.8E+308~1.8E+308 |

1、浮点数声明:  float(M,D)   double(M,D)

M：总位数

D：小数位数

试例

```mysql
MySQL [test2]> create table test4(
    -> num1 float(5,2)  /*如果整数是5，小数位数是2，那么整数位数是3*/
    -> ,num2 double(4,1)
    -> );
Query OK, 0 rows affected (0.02 sec)

MySQL [test2]> insert into test4 value (1.23,1.23); #如果精度超出了允许范围，会四舍六入五成双
Query OK, 1 row affected (0.13 sec)

MySQL [test2]> select * from test4;
+------+------+
| num1 | num2 |
+------+------+
| 1.23 |  1.2 |
+------+------+
1 row in set (0.00 sec)

```

试例：精度丢失

```mysql
MySQL [test2]> create table test3(
    -> num1 double(20,19)
    -> );
Query OK, 0 rows affected (0.03 sec)

MySQL [test2]> insert into test3 value(1.1234567890123456789);
Query OK, 1 row affected (0.00 sec)

MySQL [test2]> select * from test3;
+-----------------------+
| num1                  |
+-----------------------+
| 1.1234567890123457000 |   #精度丢失
+-----------------------+
1 row in set (0.00 sec)
```

#### 1.1.3 定点数

语法：decimal(M,D)

```mysql
MySQL [test2]> create table test5 (
    -> num decimal(20,19)
    -> );
Query OK, 0 rows affected (0.35 sec)

MySQL [test2]> insert into test5 value  (1.1234567890123456789);
Query OK, 1 row affected (0.00 sec)

MySQL [test2]> select * from test5;
+-----------------------+
| num                   |
+-----------------------+
| 1.1234567890123456789 |
+-----------------------+
1 row in set (0.00 sec)
```

>多学一招：
>1、定点数是变长的，大致每9个数字用4个字节来存储。定点数之所以能保存精确的小数，因为整数和小数是分开存储的。占用的资源比浮点数要多。
>2、定点数和浮点数都支持显示宽度和无符号数。

### 1.2 数据类型-字符型



|   数据类型    |   描述   |     长度      |
| :-----------: | :------: | :-----------: |
|  char(长度)   |   定长   |    最大255    |
| varchar(长度) |   边长   |   最大65535   |
|   tingtext    | 大段文本 |   2^8-1=255   |
|     text      | 大段文本 | 2^16^-1=65535 |
|  mediumtext   | 大段文本 |    2^24^-1    |
|   longtext    | 大段文本 |    2^32^-1    |

1、char(10)和varchar(10)的区别

答：相同的：他们最多能保存10个字符;

```mysql
    不同点：char不回收多余的字符，varchar会回收多余的字符。

                    char效率高，浪费空间，varchar节省空间，效率比char低。
```

2、char的最大长度是255

```mysql
MySQL [test2]> create table test6 (
    -> name char (256)
    -> );
ERROR 1074 (42000): Column length too big for column 'name' (max = 255); use BLOB or TEXT instead

```

3、varchar的里理论长度是65535但是根本达不到，具体长度与字符编码有关```

```mysql
MySQL [test2]> create table test6 ( name varchar (65535) );
ERROR 1074 (42000): Column length too big for column 'name' (max = 32767); use BLOB or TEXT instead
```

 4、一个记录的总长度不能超过65535个字节。

```mysql
MySQL [test2]> create table test6 ( name varchar (3000),id varchar(30000) );
ERROR 1118 (42000): Row size too large. The maximum row size for the used table type, not counting BLOBs, is 65535. This includes storage overhead, check the manual. You have to change some columns to TEXT or BLOBs

```

 5、大块文本（text）不计算在总长度中,一个大块文本只占用10个字节来保存文本的地址。 

```mysql
MySQL [test2]> create table test7(name varchar(32757),v_name text);
Query OK, 0 rows affected (0.02 sec)
```

### 1.3 数据类型-枚举

语法：enum

1.从一个集合中选择一个数据(单选)

```mysql
 create table test1( 
    name varchar(20), 
    sex enum('男','女','东方不败')
 )charset=utf8;inster
MySQL [test2]>  insert into test1 value ('素还真','男');
Query OK, 1 row affected (0.30 sec)

MySQL [test2]>  insert into test1 value ('风采铃','女');
Query OK, 1 row affected (0.13 sec)

MySQL [test2]>  insert into test1 value ('步香尘','东方不败');
Query OK, 1 row affected (0.02 sec)

MySQL [test2]>  insert into test1 value ('八岐邪神','保密'); #枚举类型不存在所以报错
ERROR 1265 (01000): Data truncated for column 'sex' at row 1

MySQL [test2]> select * from test1;
+-----------+--------------+
| name      | sex          |
+-----------+--------------+
| 素还真    | 男           |
| 风采铃    | 女           |
| 步香尘    | 东方不败     |
+-----------+--------------+
3 rows in set (0.00 sec)

```

2.枚举的类型值是通过证书来管理的，第一个是1，第二个值是2，一次类推

```mysql
MySQL [test2]> select sex+0 from test1;
+-------+
| sex+0 |
+-------+
|     1 |
|     2 |
|     3 |
+-------+
3 rows in set (0.00 sec)
```

举的优点：

1、     运行速度快（数字比字符串运算速度快）

2、     限制数据，保证数据完整性

3、     节省空间

```
思考：已知枚举占用2个字节，请问最多有多少个枚举值？

答：2个字节=16位，可以保存数字（0-65535），枚举是从1开始，所以枚举最多可以有65535个枚举值。
```



### 1.4 数据类型-集合

语法:set('选项一','选项二 ','选项三')

```mysql
/* 每个集合的元素都分配一个固定的数字，分配的方式从左往右按2的0、1、2、…次方*/
create table test2(
aihao set('爬山','跳水','跳伞','蹦极','电子游戏','跑步')
    /*     2^0    2^1   2^2   2^3    2^4       2^5 */
)

```

```mysql
MySQL [test2]> insert into test2 value ('跳水,跳伞');
Query OK, 1 row affected (0.02 sec)

 # 插入顺序不一样，但是显示的顺序是一样的
MySQL [test2]> insert into test2 value ('跑步,电子游戏,蹦极,跳伞,跳水,爬山');
Query OK, 1 row affected (0.01 sec)

MySQL [test2]> select aihao from test2;
+-------------------------------------------------+
| aihao                                           |
+-------------------------------------------------+
| 跳水,跳伞                                       |
| 爬山,跳水,跳伞,蹦极,电子游戏,跑步               |
+-------------------------------------------------+
2 rows in set (0.00 sec)

# 报错，插入集合中没有的选项会报错
MySQL [test2]> insert into test2 value ('跑步,电子游戏,蹦极,跳伞,跳水,开车');
ERROR 1265 (01000): Data truncated for column 'aihao' at row 1

```

>思考：已知集合占用8个字节，最多可以表示几个选项？
>
>答：8个字节=64位，一个位表示1个选项，最多可以表示64个选项。



### 1.5 数据类型-日期类型

| 数据类型  |         描述          |
| :-------: | :-------------------: |
| datetime  | 日期时间，占用8个字节 |
|   date    |   日期，占用3个字节   |
|   time    |   时间，占用3个字节   |
| timestamp |  时间戳，占用4个字节  |
|   year    |   年份，占用1个字节   |



#### 1.5.1 datatime

```mysql
MySQL [test2]> create table test3( field datetime );
Query OK, 0 rows affected (0.14 sec)

MySQL [test2]> insert into test3 value ('2019-06-29 10:12:21');
Query OK, 1 row affected (0.00 sec)

MySQL [test2]> insert into test3 value ('100-10-12 10:12:21');
Query OK, 1 row affected (0.01 sec)

MySQL [test2]> insert into test3 value ('10000-10-12 10:12:21'); #datetime保存范围是：1~9999年
ERROR 1292 (22007): Incorrect datetime value: '10000-10-12 10:12:21' for column 'field' at row 1

MySQL [test2]> select * from test3;
+---------------------+
| field               |
+---------------------+
| 2019-06-29 10:12:21 |
| 0100-10-12 10:12:21 |
+---------------------+
2 rows in set (0.00 sec)
```



#### 1.5.2 data

```mysql
MySQL [test2]> insert into test4 value ('2025-10-12');
Query OK, 1 row affected (0.00 sec)

MySQL [test2]> select * from test4;
+------------+
| field      |
+------------+
| 2025-10-12 |
+------------+
1 row in set (0.00 sec)
```



#### 1.5.3 时间戳

>timestamp类型和 datetime类型在表现上是一样的。他们的区别：
>datetime是从1到9999，而timestamp从1970年~2038年，2038年01月19日03:14:07秒以后就超出timestamp范围了。

```mysql
MySQL [test2]> create table test5(
    -> field timestamp
    -> );
Query OK, 0 rows affected (0.07 sec)

MySQL [test2]> insert into test5 value('1975-5-5 12:12:12');
Query OK, 1 row affected (0.04 sec)

MySQL [test2]> insert into test5 value('1969-5-5 12:12:12');#超出范围
ERROR 1292 (22007): Incorrect datetime value: '1969-5-5 12:12:12' for column 'field' at row 1

MySQL [test2]> insert into test5 value('2038-1-19 03:14:07');
Query OK, 1 row affected (0.20 sec)

MySQL [test2]> insert into test5 value('2038-1-19 03:14:08');#超出范围
ERROR 1292 (22007): Incorrect datetime value: '2038-1-19 03:14:08' for column 'field' at row 1

MySQL [test2]> select * from test5;
+---------------------+
| field               |
+---------------------+
| 1975-05-05 12:12:12 |
| 2038-01-19 03:14:07 |
+---------------------+
5 rows in set (0.00 sec)

```



#### 1.5.4 year

> 因为只占用1个字节，最多只能表示255个年份，范围是1901-2155之间的年份

```mysql
MySQL [test2]> create table test6 (
    -> field year
    -> );
Query OK, 0 rows affected (0.02 sec)

MySQL [test2]> insert into test6 value('2025');
Query OK, 1 row affected (0.05 sec)

MySQL [test2]> insert into test6 value('1900');#超出范围
ERROR 1264 (22003): Out of range value for column 'field' at row 1
MySQL [test2]> insert into test6 value('2156');#超出范围
ERROR 1264 (22003): Out of range value for column 'field' at row 1

```



#### 1.5.5 time

> 表示时间或时间间隔，范围是-838:59:59~838:59:59

```mysql
MySQL [test2]> create table test7(
    -> field time
    -> );
Query OK, 0 rows affected (0.05 sec)

MySQL [test2]> insert into test7 value ('12:12:12');
Query OK, 1 row affected (0.00 sec)

MySQL [test2]> insert into test7 value ('212:12:12');
Query OK, 1 row affected (0.15 sec)

MySQL [test2]> insert into test7 value ('838:59:59');
Query OK, 1 row affected (0.00 sec)

MySQL [test2]> insert into test7 value ('839:00:00');
ERROR 1292 (22007): Incorrect time value: '839:00:00' for column 'field' at row 1

```

多学一招：time支持以天的方式插入

```mysql
MySQL [test2]> insert into test7 value ('10 10:10:10');
Query OK, 1 row affected (0.16 sec)

MySQL [test2]> select * from test7;
+-----------+
| field     |
+-----------+
| 12:12:12  |
| 212:12:12 |
| 838:59:59 |
| 250:10:10 |
+-----------+
4 rows in set (0.00 sec)
```



### 1.6 数据类型-boolean

> Mysql不支持boolean类型，true和false在数据库中对应1和0

```mysql
MySQL [test2]> select * from test7;
+-----------+
| field     |
+-----------+
| 12:12:12  |
| 212:12:12 |
| 838:59:59 |
| 250:10:10 |
+-----------+
4 rows in set (0.00 sec)

MySQL [test2]> insert into test8 value  (true),(false);
Query OK, 2 rows affected (0.08 sec)
Records: 2  Duplicates: 0  Warnings: 0


MySQL [test2]> select * from test8;
+-------+
| field |
+-------+
|     1 |
|     0 |
+-------+
2 rows in set (0.00 sec)

```

### 1.7 关于数据类型的思考题

1. 手机号码一般使用什么数据类型存储?               char 
2. 电话号码使用什么数据类型                                 varchar
3. 性别一般使用什么数据类型存储?                      char      enum   
4. 学生年龄信息一般使用什么数据类型存储?               tinyint       
5. 照片信息一般使用什么数据类型存储?                      binary         
6. 薪水一般使用什么数据类型存储?                             decimal

多学一招：一个字段到底选数字还是字符，取决于有没有计算的可能，如果没有计算的可能即使是数字也要用字符类型，比如手机号、QQ号，…



## 二、列属性

### 2.1 列属性-是否为空[null|not null]

null：可以为空

not null： 不可以为空

思考题

1. 学员姓名允许为空吗?                  非空  
2. 家庭地址允许为空吗?                  非空      
3. 电子邮件信息允许为空吗?           可以为空  
4. 考试成绩允许为空吗?                  可以为空 



### 2.2 列属性-默认值[default]

```mysql
MySQL [test2]> create table test9(
    -> id int unsigned,
    -> addr varchar(20) not null default '地址不详'
    -> );
Query OK, 0 rows affected (0.18 sec)

MySQL [test2]> insert into test9 value (1,'北京'),(2,default);
Query OK, 2 rows affected (0.42 sec)
Records: 2  Duplicates: 0  Warnings: 0

MySQL [test2]> select * from test9;
+------+--------------+
| id   | addr         |
+------+--------------+
|    1 | 北京         |
|    2 | 地址不详     |
+------+--------------+
2 rows in set (0.00 sec)
```



### 2.3 列属性-自动增长(auto_increment)

1、字段的值从1开始，每次递增1，特点就在字段中的数据不可能重复，适合为记录生成唯一的id

2、自动增长都是无符号整数。

3、在MySQL中，auto_increment必须是主键。但是主键不一定是自动增长的。

4、如果要给自动增长列插入数据，使用null关键字。

5、自动增长列上的数据被删除，默认情况下此记录的编号不再使用。

```mysql
MySQL [test2]> create table test10 (
    -> id int auto_increment  #auto_increment必须是主键
    -> );
ERROR 1075 (42000): Incorrect table definition; there can be only one auto column and it must be defined as a key

MySQL [test2]> create table test10( 
    -> id int auto_increment primary key 
    -> );
Query OK, 0 rows affected (0.14 sec)

```



### 2.4 列属性-主键()

主键：唯一标识表中记录的一个或一组列

主键的特点：不能重复，不能为空

一个表只能有一个主键，主键可以有多个字段组成。

主键的作用：

1、     保证数据完整性

2、     加快查询速度

#### 2.4.1 添加主键

##### 方式一：创建的时候添加主键

```mysql
MySQL [test2]> create table test11(
    -> id varchar(5) primary key,
    -> name varchar(20) not null
    -> );
Query OK, 0 rows affected (0.19 sec)

MySQL [test2]> insert into test11 value  ('s2531','tom'),('s2532','breey');
Query OK, 2 rows affected (0.02 sec)
Records: 2  Duplicates: 0  Warnings: 0

MySQL [test2]> select * from test11 ;
+-------+-------+
| id    | name  |
+-------+-------+
| s2531 | tom   |
| s2532 | breey |
+-------+-------+
2 rows in set (0.00 sec)

```

##### 方法二：创建表的时候添加主键

```mysql
MySQL [test2]> create table test13(
    -> id int,
    -> name varchar(20),
    -> primary key(id)
    -> );
Query OK, 0 rows affected (0.09 sec)

MySQL [test2]> desc test13;
+-------+-------------+------+-----+---------+-------+
| Field | Type        | Null | Key | Default | Extra |
+-------+-------------+------+-----+---------+-------+
| id    | int(11)     | NO   | PRI | NULL    |       |
| name  | varchar(20) | YES  |     | NULL    |       |
+-------+-------------+------+-----+---------+-------+
2 rows in set (0.00 sec)

```



##### 方法三：更改表的时候添加主键

```mysql
MySQL [test2]> create table test14(
    -> id int,
    -> name varchar(10)
    -> );
Query OK, 0 rows affected (0.26 sec)

MySQL [test2]> alter table test14 add primary key(id);
Query OK, 0 rows affected (0.23 sec)
Records: 0  Duplicates: 0  Warnings: 0

MySQL [test2]> desc test14;
+-------+-------------+------+-----+---------+-------+
| Field | Type        | Null | Key | Default | Extra |
+-------+-------------+------+-----+---------+-------+
| id    | int(11)     | NO   | PRI | NULL    |       |
| name  | varchar(10) | YES  |     | NULL    |       |
+-------+-------------+------+-----+---------+-------+
2 rows in set (0.00 sec)


```



#### 2.4.2 创建组合键

```mysql
MySQL [test2]> create table test15(
    -> classid int ,
    -> stuid int,
    -> stuname varchar(10),
    -> primary key(classid,stuid)
    -> );
Query OK, 0 rows affected (0.08 sec)

MySQL [test2]> desc test15;
+---------+-------------+------+-----+---------+-------+
| Field   | Type        | Null | Key | Default | Extra |
+---------+-------------+------+-----+---------+-------+
| classid | int(11)     | NO   | PRI | NULL    |       |
| stuid   | int(11)     | NO   | PRI | NULL    |       |
| stuname | varchar(10) | YES  |     | NULL    |       |
+---------+-------------+------+-----+---------+-------+
3 rows in set (0.00 sec)

```



#### 2.4.3 查看主键

```mysql
MySQL [test2]> desc test14;
+-------+-------------+------+-----+---------+-------+
| Field | Type        | Null | Key | Default | Extra |
+-------+-------------+------+-----+---------+-------+
| id    | int(11)     | NO   | PRI | NULL    |       |  #PRI 主键标识
| name  | varchar(10) | YES  |     | NULL    |       |
+-------+-------------+------+-----+---------+-------+
2 rows in set (0.00 sec)

```



#### 2.4.4 删除主键

```mysql
MySQL [test2]> alter table test14 drop primary key;
Query OK, 0 rows affected (1.14 sec)
Records: 0  Duplicates: 0  Warnings: 0

MySQL [test2]> desc test14;
+-------+-------------+------+-----+---------+-------+
| Field | Type        | Null | Key | Default | Extra |
+-------+-------------+------+-----+---------+-------+
| id    | int(11)     | NO   |     | NULL    |       |
| name  | varchar(10) | YES  |     | NULL    |       |
+-------+-------------+------+-----+---------+-------+
2 rows in set (0.00 sec)

```



#### 2.4.5 选择主键的原则

1、     最少性：尽量选择一个字段做主键

2、     稳定性：尽量选择更新少的列做主键

3、     尽量选择数字型的列做主键



#### 2.4.6 主题思考题

1、在主键列输入的数值，允许为空吗?       不可以                 

2、 一个表可以有多个主键吗?                     不可以                    

3、 在一个学校数据库中，如果一个学校内允许重名的学员，但是一个班级内不允许学员重名，可以组合班级和姓名两个字段一起来作为主键吗？                  可以

4、 标识列（自动增长列）允许为字符数据类型吗？     不可以       

5、 表中没有合适的列作为主键怎么办？      添加自动增加列              

6、  如果标识列A的初始值为1，增长量为1，则输入三行数据以后，再删除两行，下次再输入数据行的时候，标识值从多少开始？          从4开始



### 2.5 列属性-唯一键

特点：

1、不能重复，可以为空

2、一个表可以有多个唯一键

作用：

1、     保证数据不能重复。保证数据完整性

2、     加快数据访问



#### 2.5.1 添加唯一键

##### 2.5.1.1 方法一：创建表的时候添加唯一键

```mysql
MySQL [test2]> create table test16(
    -> id int primary key,
    -> name varchar(20) unique,
    -> addr varchar(100) unique
    -> );
Query OK, 0 rows affected (0.30 sec
                           
MySQL [test2]> insert into test16 value (1,'tom','上海');
Query OK, 1 row affected (0.00 sec)

MySQL [test2]> insert into test16 value (2,'tom','北京'); #名字重复了
ERROR 1062 (23000): Duplicate entry 'tom' for key 'name'
MySQL [test2]> insert into test16 value (2,'berry','上海'); # 地址重复了
ERROR 1062 (23000): Duplicate entry '上海' for key 'addr'
```



##### 2.5.1.2 方法二：创建表的时候添加唯一键

```mysql
MySQL [test2]> create table test17(
    -> id int,
    -> name varchar(20),
    -> addr varchar(100),
    -> primary key(id),
    -> unique(name),
    -> unique(addr)
    -> );
Query OK, 0 rows affected (0.85 sec)

```



##### 2.5.1.3 方法三：修改表的时候添加唯一键

```mysql
MySQL [test2]> create table test18(
    -> id int,
    -> name varchar(20),
    -> addr varchar(100)
    -> );
Query OK, 0 rows affected (0.03 sec)

MySQL [test2]> alter table test18 add unique(name) ;
Query OK, 0 rows affected (0.24 sec)
Records: 0  Duplicates: 0  Warnings: 0
```



##### 2.5.1.4 方法四：创建与修改表的时候添加组合唯一键

```mysql
#创建的时候添加组合唯一键
MySQL [test2]> create table test19( id int, name varchar(20), unique(id,name) );
Query OK, 0 rows affected (0.07 sec)

#修改的时候添加组合唯一键
MySQL [test2]> create table test20 (
    -> id int,
    -> name varchar(20),
    -> addr varchar(100)
    -> );
Query OK, 0 rows affected (0.16 sec)

MySQL [test2]> alter table test20  add unique(name,addr);
Query OK, 0 rows affected (0.10 sec)
Records: 0  Duplicates: 0  Warnings: 0

```



#### 2.5.2 查看唯一键

```mysql
MySQL [test2]> show create table test18\G
*************************** 1. row ***************************
       Table: test18
Create Table: CREATE TABLE `test18` (
  `id` int(11) DEFAULT NULL,
  `name` varchar(20) DEFAULT NULL,
  `addr` varchar(100) DEFAULT NULL,
  UNIQUE KEY `name` (`name`)   #此处便是唯一键
) ENGINE=InnoDB DEFAULT CHARSET=gbk
1 row in set (0.00 sec)

```



#### 2.5.3 删除唯一键

```mysql
MySQL [test2]> show create table test20\G
*************************** 1. row ***************************
       Table: test20
Create Table: CREATE TABLE `test20` (
  `id` int(11) DEFAULT NULL,
  `name` varchar(20) DEFAULT NULL,
  `addr` varchar(100) DEFAULT NULL,
  UNIQUE KEY `name` (`name`,`addr`)  #这里是唯一键的索引
) ENGINE=InnoDB DEFAULT CHARSET=gbk
1 row in set (0.00 sec)

MySQL [test2]> alter table test20 drop index name; #根据索引删除
Query OK, 0 rows affected (0.03 sec)
Records: 0  Duplicates: 0  Warnings: 0

MySQL [test2]> desc test20;
+-------+--------------+------+-----+---------+-------+
| Field | Type         | Null | Key | Default | Extra |
+-------+--------------+------+-----+---------+-------+
| id    | int(11)      | YES  |     | NULL    |       |
| name  | varchar(20)  | YES  |     | NULL    |       |
| addr  | varchar(100) | YES  |     | NULL    |       |
+-------+--------------+------+-----+---------+-------+
3 rows in set (0.00 sec)

```



### 2.6 列属性-备注

为了方便程序员交流

```mysql
create table test21( 
    id int comment 'ID号', 
    name varchar(20) comment '名字' 
);
```



### 2.7 数据完整性

#### 2.7.1 保证实体完整性

1. 主键约束
2. 唯一约束
3. 自动增长列

#### 2.7.2 保证域完整性

1. 数据类型约束
2. 非空约束
3. 默认约束

#### 2.7.3 保证引用完整性

1. 外键约束：从表中的公共字段是主表的外键



### 2.8 引用完整性

#### 2.8.1 主表和从表

两表建立关系(两个表只要有公共字段就有关系)，一个表成为主表，一个表成为从表。

外键约束可以实现；

1. 主表中唯有的从表不允许插入
2. 从表中有的主表中不许删除
3. 不能更改表中的值而导致从表中的记录孤立存在
4. 先删除从表，在删除主表

#### 2.8.2 外键(foreigen key)

1. 外键：从表中的公共字段，公共字段的名字可以不一样，但是数据类型必须一样。
2. 挖减的约束用来保证应用完整性

#### 2.8.3 添加外键

##### 2.8.3.1 方式一：创建时添加

```mysql
#表一
MySQL [test2]> create table test1(
    -> stuno char(4) primary key,
    -> name varchar(10) not null
    -> );
Query OK, 0 rows affected (0.11 sec)

#表二 创建时添加外键
MySQL [test2]> create table test2( 
    -> stuid char(4) primary key,
    -> scroe tinyint unsigned,
    -> foreign key (stuid) references test1(stuno)  # 创建外键
    -> );
Query OK, 0 rows affected (0.02 sec)
```



##### 2.8.3.2 方式二：修改时添加

```mysql
#表一
MySQL [test2]> create table test3(
    -> id int primary key,
    -> name char(20) not null
    -> );
Query OK, 0 rows affected (0.05 sec)

#表二
MySQL [test2]> create table test4(
    -> stuin int,
    -> name char(20) not null
    -> );
Query OK, 0 rows affected (0.08 sec)

#添加外键
MySQL [test2]> alter table test4 add foreign key(stuin) references test3(id);
Query OK, 0 rows affected (0.10 sec)
Records: 0  Duplicates: 0  Warnings: 0

```



#### 2.8.4 查看外键

```mysql
MySQL [test2]> show create table test2\G
*************************** 1. row ***************************
       Table: test2
Create Table: CREATE TABLE `test2` (
  `stuid` char(4) NOT NULL,
  `scroe` tinyint(3) unsigned DEFAULT NULL,
  PRIMARY KEY (`stuid`),
  CONSTRAINT `test2_ibfk_1` FOREIGN KEY (`stuid`) REFERENCES `test1` (`stuno`)
   /*上条语句为外键  test2_ibfk_1 为外键约束名*/
) ENGINE=InnoDB DEFAULT CHARSET=gbk
1 row in set (0.00 sec)

```



#### 2.8.5 删除外键

语法：

```mysql
alter table test2 drop foreign key 外键名;
```

试例：

```mysql
MySQL [test2]> alter table test2 drop foreign key test2_ibfk_1;
Query OK, 0 rows affected (0.06 sec)
Records: 0  Duplicates: 0  Warnings: 0
```

### 2.9 外键操作

1. 严格操作
2. 置空操作
3. 级联操作

一般来说：主表删除的时候，从表置空操作，主表更新的时候，从表级联操作

语法： 

```mysql
foreign key(外键) references 主表(关键字段) [主表删除时的动作] [主表更新时的动作]
```

试例

```mysql
MySQL [test2]> create table stumarks(
    -> stuid int auto_increment primary key,
    -> stuno char(4),
    -> score tinyint unsigned,
    -> foreign key (stuno) references test5(stuno) on delete set null on update cascade
    -> );
Query OK, 0 rows affected (0.09 sec)

MySQL [test2]> insert into test5 values ('s101','tom');
Query OK, 1 row affected (0.00 sec)

MySQL [test2]> insert into stumarks values (null,'s101',88);
Query OK, 1 row affected (0.01 sec)

MySQL [test2]> update test5 set stuno='s102' where stuno='s101';
Query OK, 1 row affected (0.01 sec)
Rows matched: 1  Changed: 1  Warnings: 0

MySQL [test2]> select * from stumarks ;
+-------+-------+-------+
| stuid | stuno | score |
+-------+-------+-------+
|     1 | s102  |    88 |
+-------+-------+-------+
1 row in set (0.00 sec)

MySQL [test2]> delete from test5 where stuno='s102';
Query OK, 1 row affected (0.01 sec)

MySQL [test2]> select * from stumarks ;
+-------+-------+-------+
| stuid | stuno | score |
+-------+-------+-------+
|     1 | NULL  |    88 |
+-------+-------+-------+
1 row in set (0.00 sec)

```

