# Mysql操作-3数据库设计与表查询

## 一、数据设计

### 1.1数据库基本概念

1. 关系：两个表的公共字段
2. 行：也成为了记录，也成为实体
3. 列：也称字段，也称属性

```
就表结构而言，表分为行和列；
就表数据而言，分为记录和字段；
就面向对象而言，一个记录就是一个实体，一个字段就是一个属性。
```

4. 数据冗余，相同数据存在不同地方

```
脚下流行：
1. 冗余只能减少，不能杜绝
2. 减少的冗余方法是分表
3. 为减少数据查找的麻烦，允许数据有一定的冗余
```

5. 数据完整性：正确+准确=数据完整性

```
正确性：数据类型正确
准确性：数据范围要准确
```
.3
思考：学生的年龄是整形，输入1000岁，正确性和准确行如何？

答：正确，单不准确

思考：年龄是整形，收入了字符串，正确性和准确性如何？

答：不正确

### 1.2 实体和实体之间的关系

1. 一对一
2. 一对多(多对一)
3. 多对多

![](https://raw.githubusercontent.com/TianRandai111/Projact_Image/master/Gopkg/database/database%20(1).png)

***

#### 1.2.1 一对一

1. 主表中的一条数据对应从表中的一条记录

![](https://raw.githubusercontent.com/TianRandai111/Projact_Image/master/Gopkg/database/database%20(4).png)

如何实现一对一

主键和主键的关系就能实现一对一

```
思考：一对一两个表完全可以用一个表实现，为什么还要分成两个表？

答：字段数量很多的情况下，数据量也就很大，每次查询都要检索大量数据，这样效率低下。我们可以将所有字段分成两个部分，"常用字段"和"不常用字段"，这样对发部分查询者来说效率提高了。【标的垂直分割】
```

#### 1.2.2 一对多

1. 主表中的一条记录对应从表中的多条记录
2. 一对多喝多对一是一样的

![](https://raw.githubusercontent.com/TianRandai111/Projact_Image/master/Gopkg/database/database%20(2).png)

***

如何实现一对多

答：主键和非主键关系

问题：说出几个一对多的关系

答：班级表和学生表、班主任表和学生表

#### 1.2.3 多对多(N:M)

主表中的一套记录对应从表中的多条记录，从表中的一条记录对应主表中的多条记录

班级和讲师的关系

![](https://raw.githubusercontent.com/TianRandai111/Projact_Image/master/Gopkg/database/database%20(6).png)

如何实现多对多

答：建立第三张表来保存关系

问题：说出几个多对多的关系？

1. 科目表和学生表的关系
2. 商品表和订单表
3. 游戏目录表和玩家表

### 1.3 数据库设计的步骤

![](https://raw.githubusercontent.com/TianRandai111/Projact_Image/master/Gopkg/database/database%20(7).png)

#### 1.3.1 数据库设计具体步骤

1. 收集信息：与该系统有关的人员交流、座谈、充分理解数据库需要完成的任务
2. 标识对象(Entity)标识数据库要管理的关键对象或实体
3. 标识每个实体的属性(Attribute)
4. 标识对象之间的关系(Relationship)
5. 将模型转换成数据库
6. 规范化

![](https://raw.githubusercontent.com/TianRandai111/Projact_Image/master/Gopkg/database/database%20(8).png)


#### 1.3.2 绘制E-R图

E-R(Entity-Releationship) 实体管系统

E-R图的语法

![](https://raw.githubusercontent.com/TianRandai111/Projact_Image/master/Gopkg/database/database%20(9).png)

绘制E-R图

![](https://raw.githubusercontent.com/TianRandai111/Projact_Image/master/Gopkg/database/database%20(11).png)

4、建立关系，绘制E-R图

![](https://raw.githubusercontent.com/TianRandai111/Projact_Image/master/Gopkg/database/database%20(12).png)

5、将E-R图转出表结构


### 1.4 数据规范化

codd博士定义了6个方式来规范数据库，范式由小到大来约束，范式越高融冗余越小，但是表的个数也越多，实验证明，三范式是性价比最高的。

#### 1.5.1 第一范式：确保每列原子性

第一范式确保每个字段不可再分

![](https://raw.githubusercontent.com/TianRandai111/Projact_Image/master/Gopkg/database/database%20(13).png)

思考：入下标设计是否合理

![](https://raw.githubusercontent.com/TianRandai111/Projact_Image/master/Gopkg/database/database%20(15).png)

不合理，不满足第一范式，上课时间可以再拆

![](https://raw.githubusercontent.com/TianRandai111/Projact_Image/master/Gopkg/database/database%20(16).png)

思考：地市包括省、市、县、地区需要拆分么？

答：如果仅仅期地址的作用，不需要统计，可以不拆分；如果有按地区统计的功能需要拆分。是及项目中，建议拆分。

#### 1.5.2 第二范式：非键字段必须依赖于键字段

一个表只描述一件事

![](https://raw.githubusercontent.com/TianRandai111/Projact_Image/master/Gopkg/database/database%20(17).png)


思考：如下表设计的是否合理

![](https://raw.githubusercontent.com/TianRandai111/Projact_Image/master/Gopkg/database/database%20(18).png)

#### 1.5.3 第三范式：消除传递依赖

所有的非关键字段中，不能有依赖传递

![](https://raw.githubusercontent.com/TianRandai111/Projact_Image/master/Gopkg/database/database%20(19).png)

下列设计是否满足第三范式

![](https://raw.githubusercontent.com/TianRandai111/Projact_Image/master/Gopkg/database/database%20(20).png)

不满足，因为语文和数学确定了，总分就确定了。

```
多学一招：上面的设计不满足第三范式，但是高考分数就是这样设计的，为什么

答：高考分数峰值方位非常大，这时候就是性能更重要。当性能和规范冲突的时候，我们首选性能，这就是"反三范式"。

```

#### 1.4.4 数据库设计例题

1. 需求

```
公司承担了多个工程项目，每一项工程有：工程号、工程名称、施工人员等
公司有多名职工，每一名职工有：职工号、姓名、性别、职务（工程师、技术员）等
公司按照公式和小时工资率支付工资，小时工资率有职工的职务决定(例如，技术员的小时工资率与工程师不同)
```

2. 工资表

![](https://raw.githubusercontent.com/TianRandai111/Projact_Image/master/Gopkg/database/database%20(21).png)

3. 工资表转成数据库表

![](https://raw.githubusercontent.com/TianRandai111/Projact_Image/master/Gopkg/database/database%20(22).png)


4. 这个表存在问题

```
A：新人入职需要一个虚拟项目
B：职务更改，小时工资率可能会忘记更改，造成数据不完整
C：有人离职，删除记录后工程也没有了
```

5. 规范化

```
第一步：满足第一范式
第二步：这个表不是描述了一件事情
```

![](https://raw.githubusercontent.com/TianRandai111/Projact_Image/master/Gopkg/database/database%20(23).png)

```
第三部：是否满足第三范式
```

![](https://raw.githubusercontent.com/TianRandai111/Projact_Image/master/Gopkg/database/database%20(24).png)

更改如下：

![](https://raw.githubusercontent.com/TianRandai111/Projact_Image/master/Gopkg/database/database%20(26).png)

## 二、查询语句

语法
```mysql
select [选项] 列明 [From 表名] [where 条件] [group by 分组] [order by 排序] [having 条件] [limit 限制]
```

### 2.1 字段表达式

#### 2.1.1 输出字符与数字

```mysql
MySQL [test2]> select '锄禾日当午';
+-----------------+
| 锄禾日当午      |
+-----------------+
| 锄禾日当午      |
+-----------------+
1 row in set (0.00 sec)

MySQL [test2]> select 10*10 ;
+-------+
| 10*10 |
+-------+
|   100 |
+-------+
1 row in set (0.00 sec)
```

#### 2.1.2 as字段别名

```mysql
MySQL [test2]> select '锄禾日当午' as content;
+-----------------+
| content         |
+-----------------+
| 锄禾日当午      |
+-----------------+
1 row in set (0.00 sec)

MySQL [test2]> select 10*10 as result;
+--------+
| result |
+--------+
|    100 |
+--------+
1 row in set (0.00 sec)
```
>多学一招：as可以省略

```mysql
MySQL [test2]> select '锄禾日当午'  content;
+-----------------+
| content         |
+-----------------+
| 锄禾日当午      |
+-----------------+
1 row in set (0.00 sec)
```

### 2.2 FROM子句

from： 来自，from后面跟的是数据源，数据源可以有多个，返回笛卡尔积

插入测试表

```mysql
MySQL [test2]> create table t1(
    -> id int,
    -> name varchar(10)
    -> );
Query OK, 0 rows affected (0.39 sec)

MySQL [test2]> create table t2(
    -> field1 varchar(10),
    -> field2 varchar(10)
    -> );
Query OK, 0 rows affected (0.28 sec)

MySQL [test2]> insert into t1 value (1,'tom'),(2,'berry');
Query OK, 2 rows affected (0.03 sec)
Records: 2  Duplicates: 0  Warnings: 0

MySQL [test2]> insert into t2 value ('333','333'),('444',444);
Query OK, 2 rows affected (0.00 sec)
Records: 2  Duplicates: 0  Warnings: 0

```

测试多个数据源

```mysql
MySQL [test2]> select * from t1,t2;
+------+-------+--------+--------+
| id   | name  | field1 | field2 |
+------+-------+--------+--------+
|    1 | tom   | 333    | 333    |
|    2 | berry | 333    | 333    |
|    1 | tom   | 444    | 444    |
|    2 | berry | 444    | 444    |
+------+-------+--------+--------+
4 rows in set (0.00 sec)

```

### 2.3 dual表

dual表是一个伪表，在特定星狂习啊，没有具体的表的参与，但是为了保证select语句的完整又必须需要一个表名，这时候就需要使用伪表。

```mysql
MySQL [test2]> select 10*10 as result from dual; #dual表示用来保证select语句的完整性
+--------+
| result |
+--------+
|    100 |
+--------+
1 row in set (0.00 sec)

```

### 2.4 where 子句

where 后面跟的是条件，在数据源中进行筛选，返回条件为真记录

MySQL支持的运算符

1. `>` 大于
2. `<` 小宇
3. `>=` 大于等于
4. `<=` 小于等于
5. `=` 等于
6. `!=` 不等
7. `and` 与
8. `or` 或
9. `not` 非

>[测试数据脚本链接](https://github.com/TianRandai111/GoPkg/blob/master/3.Web%E5%BC%80%E5%8F%91%E5%9F%BA%E7%A1%80/3.1%E6%95%B0%E6%8D%AE%E5%BA%93%E6%93%8D%E4%BD%9C/%E6%95%B0%E6%8D%AE%E5%BA%93%E6%95%B0%E6%8D%AE%E6%8F%92%E5%85%A5%E8%84%9A%E6%9C%AC/MySQL%E6%B5%8B%E8%AF%95%E6%95%B0%E6%8D%AE.txt)

```mysql
# 查找性别为男的记录
MySQL [test2]> select * from stu where stusex='男';

# 查找年龄不低于20的记录
MySQL [test2]> select * from stu where stuage>=20;
````

思考：下列代码输出什么

```mysql
# 全部都输出
MySQL [test2]> select * from stu where 1

# 什么都不输出
MySQL [test2]> select * from stu where 0;
```

思考: 如何查找北京和上海的学生

```mysql
MySQL [test2]> select * from stu where stuaddress='北京' or stuaddress='上海';
```

### 2.5 in|not in

上面查询的北京和上海学生的sql可以通过in语句来实现

```mysql
MySQL [test2]> select * from stu where stuaddress in ('北京','上海');
```

练习：

1. 查找序号是s25301,s25302,s25303的学生

```mysql
MySQL [test2]> select * from stu where stuno in('s25301','s25302','s25303');
```

2. 查找年龄是18,19,20的学生

```mysql
MySQL [test2]> select * from stu where stuage in(18,19,20);
```

3. 查找不是北京和上海的学生

```mysql
MySQL [test2]> select * from stu where stuage not in('北京','上海');
```

### 2.6 between...and|bot between...and

查找某个范围的记录

1. 查找年龄在10-20之间的学生

```mysql
MySQL [test2]> select * from stu where stuage>=18 and stuage<=20;

MySQL [test2]> select * from stu where stuage between 18 and 20;
```

2. 查找年龄不在18-20之间的学生

```mysql
MySQL [test2]> select * from stu where stuage<18 or stuage>20;

MySQL [test2]> select * from stu where not (stuage>=18 and stuage <=20);

```

### 2.7 is null | is not null

>脚下留心：查询一个为空的字段不能用等于，必须用is null

查找缺考的学生

```mysql
MySQL [test2]> select * from stu where ch is null or math is null ;
+--------+--------------+--------+--------+---------+------------+------+------+
| stuNo  | stuName      | stuSex | stuAge | stuSeat | stuAddress | ch   | math |
+--------+--------------+--------+--------+---------+------------+------+------+
| s25301 | 张秋丽       | 男     |     18 |       1 | 北京       |   80 | NULL |
| s25304 | 欧阳俊雄     | 男     |     28 |       4 | 天津       | NULL |   74 |
+--------+--------------+--------+--------+---------+------------+------+------+
2 rows in set (0.00 sec)

```

查找参加考试的学生

```mysql
MySQL [test2]> select * from stu where ch is not null and math is not null;
```

### 2.8 聚合函数

1. `sum()` 求和
2. `avg()` 求平均值
3. `max()` 求最大值
4. `min()` 求最小值
5. `count()` 求记录数

```mysql
# 求语文总分、语文平均分、语文最高分、语文最低分、总人数
MySQL [test2]> select sum(ch) '语文总分',avg(ch) '语文平均分',max(ch) '语文最高分',min(ch) '语文最低分' ,count(*) '总人数' from stu;
+--------------+-----------------+-----------------+-----------------+-----------+
| 语文总分      | 语文平均分       | 语文最高分       | 语文最低分       | 总人数    |
+--------------+-----------------+-----------------+-----------------+-----------+
|          597 |         74.6250 |              88 |              55 |         9 |
+--------------+-----------------+-----------------+-----------------+-----------+
1 row in set (0.00 sec)

```

### 2.9 通配符

1. _[下划线] 表示一个字符
2. % 表示任意字符

练习

1、满足“T_m”的有（A、C）

A：Tom         B：Toom       C：Tam         D：Tm     E：Tmo

2、满足“T_m_”的有（B、C  ）

A:Tmom   B:Tmmm  C:T1m2    D:Tmm     E:Tm

3、满足“张%”的是（A、B、C、D）

A:张三     B：张三丰     C：张牙舞爪      D：张      E：小张

4、满足“%诺基亚%”的是（A、B、C、D）

A：诺基亚2100   B：2100诺基亚   C：把我的诺基亚拿过来   D：诺基亚

### 2.10 模糊查询

```mysql
MySQL [test2]> select * from stu where stuname like '张%';
+--------+-----------+--------+--------+---------+------------+------+------+
| stuNo  | stuName   | stuSex | stuAge | stuSeat | stuAddress | ch   | math |
+--------+-----------+--------+--------+---------+------------+------+------+
| s25301 | 张秋丽    | 男     |     18 |       1 | 北京       |   80 | NULL |
+--------+-----------+--------+--------+---------+------------+------+------+
1 row in set (0.00 sec)

MySQL [test2]> select * from stu where stuname like 'T_m';
+--------+---------+--------+--------+---------+------------+------+------+
| stuNo  | stuName | stuSex | stuAge | stuSeat | stuAddress | ch   | math |
+--------+---------+--------+--------+---------+------------+------+------+
| s25320 | Tom     | 男     |     24 |       8 | 北京       |   65 |   67 |
+--------+---------+--------+--------+---------+------------+------+------+
1 row in set (0.00 sec)
```

### 2.11 `order by`排序

acs 升序[默认]

desc 降序

```mysql
# 语文成绩降序排列
MySQL [test2]> select * from stu order by ch desc;

# 数学成绩升序排列
MySQL [test2]> select * from stu order by math asc;

# 默认按升序排列
MySQL [test2]> select * from stu order by math;
```

多列排序

```mysql
# 年龄升序,成绩降序
MySQL [test2]> select * from stu order by stuage asc , ch desc;
```

思考如下代码表示什么含义

```mysql
select * from stu order by stuage desc,ch desc;     #年龄降序，语文降序
select * from stu order by stuage desc,ch asc;		#年龄降序，语文升序
select * from stu order by stuage,ch desc;          #年龄升序、语文降序
select * from stu order by stuage,ch; 				#年龄升序、语文升序
```

### 2.12 分组查询 `group by`

将查询结果分组，分组查询的目的在于统计数据

```mysql
# 按照性别分组，分组查询目的在于统计数据
MySQL [test2]> select avg(stuage) as '年龄',stusex from stu group by stusex;
+---------+--------+
| 年龄    | stusex |
+---------+--------+
| 25.4000 | 男     |
| 22.7500 | 女     |
+---------+--------+
2 rows in set (0.00 sec)


# 按地区分组，每个地区的平均分
MySQL [test2]> select avg(stuage) as '年龄', stuAddress from stu group by stuAddress;
+---------+------------+
| 年龄    | stuAddress |
+---------+------------+
| 21.3333 | 北京       |
| 23.0000 | 河北       |
| 23.0000 | 河南       |
| 31.0000 | 上海       |
| 27.0000 | 天津       |
+---------+------------+
5 rows in set (0.00 sec)

```

>脚下留心：
>
>1、如果是分组查询，查询字段必须是分组字段和聚合函数。
>
>2、查询字段是普通字段，只取第一个值

```
# 如果sql不合理，会报错  这时就要修改sql
MySQL [test2]> select stuName,stuSex from stu group by stuSex;

ERROR 1055 (42000): Expression #1 of SELECT list is not in GROUP BY clause and contains nonaggregated column 'test2.stu.stuName' which is not functionally dependent on columns in GROUP BY clause; this is incompatible with sql_mode=only_full_group_by
```
>[修改SQL_mode](https://blog.csdn.net/qq_42175986/article/details/82384160)

通过group_concat()函数将同一组值链接起来显示
```mysql
MySQL [test2]> select group_concat(stuName),stuSex from stu group by stuSex;
+---------------------------------------------------+--------+
| group_concat(stuName)                             | stuSex |
+---------------------------------------------------+--------+
| 张秋丽,李文才,欧阳俊雄,争青小子,Tom               | 男     |
| 李斯文,诸葛丽丽,梅超风,Tabm                       | 女     |
+---------------------------------------------------+--------+
2 rows in set (0.00 sec)
```

多学一招

1. 分组后默认结果会按照升序排列显示

```mysql
MySQL [test2]>  select avg(stuage) as '年龄', stuAddress from stu group by stuAddress;
+---------+------------+
| 年龄    | stuAddress |
+---------+------------+
| 21.3333 | 北京       |
| 23.0000 | 河北       |
| 23.0000 | 河南       |
| 31.0000 | 上海       |
| 27.0000 | 天津       |
+---------+------------+
5 rows in set (0.00 sec)
```

2. 也是可以用desc实现分组后的降序

```mysql
MySQL [test2]>  select avg(stuage) as '年龄', stuAddress from stu group by stuAddress desc;
+---------+------------+
| 年龄    | stuAddress |
+---------+------------+
| 27.0000 | 天津       |
| 31.0000 | 上海       |
| 23.0000 | 河南       |
| 23.0000 | 河北       |
| 21.3333 | 北京       |
+---------+------------+
5 rows in set, 1 warning (0.00 sec)

```

多了分组

```mysql
MySQL [test2]> select stuaddress,stusex,avg(stuage) from stu group by stuaddress,stusex;
+------------+--------+-------------+
| stuaddress | stusex | avg(stuage) |
+------------+--------+-------------+
| 北京       | 男     |     21.0000 |
| 北京       | 女     |     22.0000 |
| 河北       | 女     |     23.0000 |
| 河南       | 女     |     23.0000 |
| 上海       | 男     |     31.0000 |
| 天津       | 男     |     27.0000 |
+------------+--------+-------------+
6 rows in set (0.00 sec)
```

### 2.13 having条件

> 思考：数据库中的表是一个二维表，返回的结果是一张二维表，既然能在数据库的二维表中进行查询，能否在结果集的二维表上继续进行查询？
>
>答：可以，having条件就是在结果集上继续进行筛选。

```mysql
MySQL [test2]> select * from stu where stusex='男';
+--------+--------------+--------+--------+---------+------------+------+------+
| stuNo  | stuName      | stuSex | stuAge | stuSeat | stuAddress | ch   | math |
+--------+--------------+--------+--------+---------+------------+------+------+
| s25301 | 张秋丽       | 男     |     18 |       1 | 北京       |   80 | NULL |
| s25302 | 李文才       | 男     |     31 |       3 | 上海       |   77 |   76 |
| s25304 | 欧阳俊雄     | 男     |     28 |       4 | 天津       | NULL |   74 |
| s25318 | 争青小子     | 男     |     26 |       6 | 天津       |   86 |   92 |
| s25320 | Tom          | 男     |     24 |       8 | 北京       |   65 |   67 |
+--------+--------------+--------+--------+---------+------------+------+------+
5 rows in set (0.00 sec)

MySQL [test2]> select * from stu having stusex='男';
+--------+--------------+--------+--------+---------+------------+------+------+
| stuNo  | stuName      | stuSex | stuAge | stuSeat | stuAddress | ch   | math |
+--------+--------------+--------+--------+---------+------------+------+------+
| s25301 | 张秋丽       | 男     |     18 |       1 | 北京       |   80 | NULL |
| s25302 | 李文才       | 男     |     31 |       3 | 上海       |   77 |   76 |
| s25304 | 欧阳俊雄     | 男     |     28 |       4 | 天津       | NULL |   74 |
| s25318 | 争青小子     | 男     |     26 |       6 | 天津       |   86 |   92 |
| s25320 | Tom          | 男     |     24 |       8 | 北京       |   65 |   67 |
+--------+--------------+--------+--------+---------+------------+------+------+
5 rows in set (0.00 sec)
```

思考：下列语句是否正确

```mysql
MySQL [test2]> select stuname from stu where stusex='男';
ERROR 2006 (HY000): MySQL server has gone away
No connection. Trying to reconnect...
Connection id:    20
Current database: test2

+--------------+
| stuname      |
+--------------+
| 张秋丽       |
| 李文才       |
| 欧阳俊雄     |
| 争青小子     |
| Tom          |
+--------------+
5 rows in set (0.00 sec)

MySQL [test2]> select stuname from stu having stusex='男';
ERROR 1054 (42S22): Unknown column 'stusex' in 'having clause'
```

```mysql
MySQL [test2]> select stusex,count(*) total from stu group by stusex where total>=5;
ERROR 1064 (42000): You have an error in your SQL syntax; check the manual that corresponds to your MySQL server version for the right syntax to use near 'where total>=5' at line 1

MySQL [test2]> select stusex,count(*) total from stu group by stusex having total>=5;
+--------+-------+
| stusex | total |
+--------+-------+
| 男     |     5 |
+--------+-------+
1 row in set (0.00 sec)
```

>having和where的区别
>
>where 是原始数据进行筛选，having是对记录进行筛选

### 2.14 limit 

语法：limit起始位置,显示长度

```mysql
MySQL [test2]> select * from stu limit 0,2;
+--------+-----------+--------+--------+---------+------------+------+------+
| stuNo  | stuName   | stuSex | stuAge | stuSeat | stuAddress | ch   | math |
+--------+-----------+--------+--------+---------+------------+------+------+
| s25301 | 张秋丽    | 男     |     18 |       1 | 北京       |   80 | NULL |
| s25302 | 李文才    | 男     |     31 |       3 | 上海       |   77 |   76 |
+--------+-----------+--------+--------+---------+------------+------+------+
2 rows in set (0.00 sec)

MySQL [test2]> select * from stu limit 2,2;
+--------+--------------+--------+--------+---------+------------+------+------+
| stuNo  | stuName      | stuSex | stuAge | stuSeat | stuAddress | ch   | math |
+--------+--------------+--------+--------+---------+------------+------+------+
| s25303 | 李斯文       | 女     |     22 |       2 | 北京       |   55 |   82 |
| s25304 | 欧阳俊雄     | 男     |     28 |       4 | 天津       | NULL |   74 |
+--------+--------------+--------+--------+---------+------------+------+------+
2 rows in set (0.00 sec)
```

起始位置可以省略，默认是从0开始的

```mysql
MySQL [test2]> select * from stu limit 2;
+--------+-----------+--------+--------+---------+------------+------+------+
| stuNo  | stuName   | stuSex | stuAge | stuSeat | stuAddress | ch   | math |
+--------+-----------+--------+--------+---------+------------+------+------+
| s25301 | 张秋丽    | 男     |     18 |       1 | 北京       |   80 | NULL |
| s25302 | 李文才    | 男     |     31 |       3 | 上海       |   77 |   76 |
+--------+-----------+--------+--------+---------+------------+------+------+
2 rows in set (0.00 sec)
```

试例：找出班级总分的前三

```mysql
MySQL [test2]> select *,ch+math as 'af' from stu order by af desc limit 3;
+--------+--------------+--------+--------+---------+------------+------+------+------+
| stuNo  | stuName      | stuSex | stuAge | stuSeat | stuAddress | ch   | math | af   |
+--------+--------------+--------+--------+---------+------------+------+------+------+
| s25318 | 争青小子     | 男     |     26 |       6 | 天津       |   86 |   92 |  178 |
| s25321 | Tabm         | 女     |     23 |       9 | 河北       |   88 |   77 |  165 |
| s25302 | 李文才       | 男     |     31 |       3 | 上海       |   77 |   76 |  153 |
+--------+--------------+--------+--------+---------+------------+------+------+------+
3 rows in set (0.00 sec)
```
>多学一招：limit在update和delete语句中也是可以使用的。

### 2.16 查询语句中的选项

查询语句中的选项有两个

1. all:显示所有数据[默认]
2. distinct:去除结果集中重复的数据

```mysql
MySQL [test2]> select distinct stuaddress from stu;
+------------+
| stuaddress |
+------------+
| 北京       |
| 上海       |
| 天津       |
| 河南       |
| 河北       |
+------------+
5 rows in set (0.00 sec)
```

## 3 联合查询 union

插入测试数据

```mysql
MySQL [test2]> create table GO1(
    -> id int primary key,
    -> name varchar(20)
    -> );
Query OK, 0 rows affected (0.46 sec)

MySQL [test2]> insert into GO1 values (1,'李白'),(2,'杜浦');
Query OK, 2 rows affected (0.00 sec)
Records: 2  Duplicates: 0  Warnings: 0
```

### 3.1 union的使用

语法

```mysql
select 语句 union [选项] select 语句 union [选项] select 语句
```

```mysql
MySQL [test2]> select stuno,stuname from stu union select id ,name from GO1;
+--------+--------------+
| stuno  | stuname      |
+--------+--------------+
| s25301 | 张秋丽       |
| s25302 | 李文才       |
| s25303 | 李斯文       |
| s25304 | 欧阳俊雄     |
| s25305 | 诸葛丽丽     |
| s25318 | 争青小子     |
| s25319 | 梅超风       |
| s25320 | Tom          |
| s25321 | Tabm         |
| 1      | 李白         |
| 2      | 杜浦         |
+--------+--------------+
11 rows in set (0.00 sec)
```

例题：查询上海的男生和北京的女生

```mysql
MySQL [test2]> select stuname,stuaddress,stusex from stu where (stuaddress='上海' and stusex='男') or (stuaddress='北京' and stusex='女');
+-----------+------------+--------+
| stuname   | stuaddress | stusex |
+-----------+------------+--------+
| 李文才    | 上海       | 男     |
| 李斯文    | 北京       | 女     |
+-----------+------------+--------+
2 rows in set (0.00 sec)

MySQL [test2]> select stuname,stuaddress,stusex from stu where stuaddress='上海' and stusex='男' union select stuname,stuaddress,stusex from stu where stuaddress='北京' and stusex='女';
+-----------+------------+--------+
| stuname   | stuaddress | stusex |
+-----------+------------+--------+
| 李文才    | 上海       | 男     |
| 李斯文    | 北京       | 女     |
+-----------+------------+--------+
2 rows in set (0.00 sec)
```

### 3.2 union的选项

union的选项有两个

1. all:显示所有数据
2. distinct:去除重复的数据[默认]

```mysql
MySQL [test2]> insert into GO1 value (3,'李白');
Query OK, 1 row affected (0.01 sec)

MySQL [test2]> select name from GO1 union select stuname from stu;
+--------------+
| name         |
+--------------+
| 李白         |
| 杜浦         |
| 张秋丽       |
| 李文才       |
| 李斯文       |
| 欧阳俊雄     |
| 诸葛丽丽     |
| 争青小子     |
| 梅超风       |
| Tom          |
| Tabm         |
+--------------+
11 rows in set (0.00 sec)

MySQL [test2]> select name from GO1 union all select stuname from stu;  # all不去重复记录
+--------------+
| name         |
+--------------+
| 李白         |
| 杜浦         |
| 李白         |  #重复数据
| 张秋丽       |
| 李文才       |
| 李斯文       |
| 欧阳俊雄     |
| 诸葛丽丽     |
| 争青小子     |
| 梅超风       |
| Tom          |
| Tabm         |
+--------------+
12 rows in set (0.00 sec)
```

### 3.3   union的注意事项

1. union两边的select语句的字段个数必须一致 
2. union两边的select语句的字段名可以不一致，最终按第一个select语句的字段名。
3. union两边的select语句中的数据类型可以不一致。